{"assembly": 1.3395796509198334, "basketball": 0.10098965259254433, "bin-picking": 0.134243700888588, "box-close": 1.9301653960255039, "button-press-topdown": 7.6294038046820365, "button-press-topdown-wall": 7.629473900219516, "button-press": 0.5831395787680731, "button-press-wall": 4.392697606094998, "coffee-button": 0.8718802905922699, "coffee-pull": 1.4746956554636257, "coffee-push": 1.6381903572889707, "dial-turn": 2.473102322201515, "disassemble": 0.9741214913863019, "door-close": 7.571400432590597, "door-lock": 2.406310430948305, "door-open": 3.654063923029931, "door-unlock": 0.8383418231074335, "hand-insert": 2.1171037093208747, "drawer-close": 9.085532362290358, "drawer-open": 8.059341738920093, "faucet-open": 4.66930453133893, "faucet-close": 4.38203672798074, "hammer": 0.8902298799874149, "handle-press-side": 1.9480204827069805, "handle-press": 2.0945716924919493, "handle-pull-side": 0.0666486866259379, "handle-pull": 5.6405546997211315, "lever-pull": 0.14278793689778282, "peg-insert-side": 8.936042404197801, "pick-place-wall": 0.00029980371791418146, "pick-out-of-hole": 0.008585560589784776, "reach": 1.974765189844642, "push-back": 0.07257036517322306, "push": 1.0028418762501943, "pick-place": 0.11351704152040637, "plate-slide": 0.41175235056935955, "plate-slide-side": 3.222295323236972, "plate-slide-back": 2.59169476242335, "plate-slide-back-side": 0.9974780133671146, "peg-unplug-side": 0.280639802832133, "soccer": 0.48035718012428474, "stick-push": 0.018673224990676945, "stick-pull": 0.008196112006057858, "push-wall": 1.886167975505544, "reach-wall": 1.5156618091375877, "shelf-place": 0.27572246845360837, "sweep-into": 2.5701616332997674, "sweep": 1.5255641396359152, "window-open": 5.180409127746754, "window-close": 1.7987694952217481}