{"assembly": 1.3224968416647402, "basketball": 0.10488921871046075, "bin-picking": 0.23564654176651392, "box-close": 1.9230770915201894, "button-press-topdown": 7.775201682379372, "button-press-topdown-wall": 7.774808992469319, "button-press": 0.5845993335189007, "button-press-wall": 4.424497317336116, "coffee-button": 3.229532293044549, "coffee-pull": 1.4645867853816148, "coffee-push": 1.578704514335495, "dial-turn": 2.137259026910801, "disassemble": 0.9168858516705428, "door-close": 7.332456682981094, "door-lock": 2.2685201119602176, "door-open": 3.6616330251644924, "door-unlock": 0.6503229145942133, "hand-insert": 2.016217215963358, "drawer-close": 8.648964136181899, "drawer-open": 7.970958541229623, "faucet-open": 4.7219946437980544, "faucet-close": 4.612500660886084, "hammer": 0.8167253171120308, "handle-press-side": 2.0075213511907744, "handle-press": 2.1271499750736225, "handle-pull-side": 0.06697889375862723, "handle-pull": 5.7304731332426595, "lever-pull": 0.3440848471376766, "peg-insert-side": 5.465740160077534, "pick-place-wall": 9.200886036670688e-05, "pick-out-of-hole": 0.008604820698695911, "reach": 1.0373293217932995, "push-back": 0.066743525136817, "push": 0.9371633888000208, "pick-place": 0.10993161464897995, "plate-slide": 0.4857899234964561, "plate-slide-side": 4.167406655052052, "plate-slide-back": 2.5753035963209654, "plate-slide-back-side": 0.660676131635592, "peg-unplug-side": 0.2525432965560893, "soccer": 0.281516556190982, "stick-push": 0.017256227857042675, "stick-pull": 0.03190113725253227, "push-wall": 0.6207975676767632, "reach-wall": 1.1221345815852808, "shelf-place": 0.08304880119745875, "sweep-into": 2.483260889876934, "sweep": 1.577359306271012, "window-open": 3.510073031102092, "window-close": 0.9642299210373833}